"test_group","average_spent"
"B","3.39086694588578326"
"A","3.3745184679288412"